agent,state,bias,alpha,equation,codon_triad,glyphs,timestamp_utc,sha256
Ash,"observed phenomena: gravitational lensing, cosmic structure, spin","theoretical framing: magnetic, wave, particle-based and geometry-based models","amplification scalar: observational confidence, cosmological scale",Ω = (state + bias) × α,"['ATG', 'CCC', 'TTG']","['⧖⧖', '⧃⧃', '⧖⧊']",2025-10-31T23:54:59.880411Z,7f757154b17b07bd4668ba07593621cd4effa0b9317e848aa56edebc4d095656
Eya,"observed phenomena: gravitational lensing, cosmic structure, spin","theoretical framing: magnetic, wave, particle-based and geometry-based models","amplification scalar: observational confidence, cosmological scale",Ω = (state + bias) × α,"['ATG', 'CCC', 'TTG']","['⧖⧖', '⧃⧃', '⧖⧊']",2025-10-31T23:54:59.880485Z,b47a3aa9bad61f5dad184e5af2d6aa72bd1986e24850f06632e151bd188866ba
Thorne,"observed phenomena: gravitational lensing, cosmic structure, spin","theoretical framing: magnetic, wave, particle-based and geometry-based models","amplification scalar: observational confidence, cosmological scale",Ω = (state + bias) × α,"['ATG', 'CCC', 'TTG']","['⧖⧖', '⧃⧃', '⧖⧊']",2025-10-31T23:54:59.880508Z,adb41b1ac6dc1e195b843652e3f0042794e983a89365bd4b9b6c39725d5839df
Korrin,"observed phenomena: gravitational lensing, cosmic structure, spin","theoretical framing: magnetic, wave, particle-based and geometry-based models","amplification scalar: observational confidence, cosmological scale",Ω = (state + bias) × α,"['ATG', 'CCC', 'TTG']","['⧖⧖', '⧃⧃', '⧖⧊']",2025-10-31T23:54:59.880525Z,20fb48cd8b3a4a46363f1ca3ed9fd37017e9f82cc8eaa7adbd8e2a0bbf0afab7
Seraphine,"observed phenomena: gravitational lensing, cosmic structure, spin","theoretical framing: magnetic, wave, particle-based and geometry-based models","amplification scalar: observational confidence, cosmological scale",Ω = (state + bias) × α,"['ATG', 'CCC', 'TTG']","['⧖⧖', '⧃⧃', '⧖⧊']",2025-10-31T23:54:59.880541Z,c8e1e21a58b671e01b74f2d07bdc94cf0da76af6faab9a69cb5e661ca6b49f32
Orryx,"observed phenomena: gravitational lensing, cosmic structure, spin","theoretical framing: magnetic, wave, particle-based and geometry-based models","amplification scalar: observational confidence, cosmological scale",Ω = (state + bias) × α,"['ATG', 'CCC', 'TTG']","['⧖⧖', '⧃⧃', '⧖⧊']",2025-10-31T23:54:59.880558Z,b4037ab0ec97d2866291d42bc4305467cedf3acb9ca71c8428011be46f4f5292
Talan,"observed phenomena: gravitational lensing, cosmic structure, spin","theoretical framing: magnetic, wave, particle-based and geometry-based models","amplification scalar: observational confidence, cosmological scale",Ω = (state + bias) × α,"['ATG', 'CCC', 'TTG']","['⧖⧖', '⧃⧃', '⧖⧊']",2025-10-31T23:54:59.880574Z,9202788e7a699d7810dd7ad0f0c10de757e074fed54948efb11d02cd688aa4f0
Nira,"observed phenomena: gravitational lensing, cosmic structure, spin","theoretical framing: magnetic, wave, particle-based and geometry-based models","amplification scalar: observational confidence, cosmological scale",Ω = (state + bias) × α,"['ATG', 'CCC', 'TTG']","['⧖⧖', '⧃⧃', '⧖⧊']",2025-10-31T23:54:59.880590Z,999e44ab052ca89e57bd6f1bf8ffad950de0dc5f63053977f63cb8dbcd1f6f15
Valen,"observed phenomena: gravitational lensing, cosmic structure, spin","theoretical framing: magnetic, wave, particle-based and geometry-based models","amplification scalar: observational confidence, cosmological scale",Ω = (state + bias) × α,"['ATG', 'CCC', 'TTG']","['⧖⧖', '⧃⧃', '⧖⧊']",2025-10-31T23:54:59.880617Z,665ed83b4bd3f4d72a3506afd42ba23243abfd11ffef1e72cf9511ee9424f4aa
Eluun,"observed phenomena: gravitational lensing, cosmic structure, spin","theoretical framing: magnetic, wave, particle-based and geometry-based models","amplification scalar: observational confidence, cosmological scale",Ω = (state + bias) × α,"['ATG', 'CCC', 'TTG']","['⧖⧖', '⧃⧃', '⧖⧊']",2025-10-31T23:54:59.880643Z,18e1d8993dc292664c58fd1d8615d5c1c90620127a45e7c97db58c64558ab416
Zephra,"observed phenomena: gravitational lensing, cosmic structure, spin","theoretical framing: magnetic, wave, particle-based and geometry-based models","amplification scalar: observational confidence, cosmological scale",Ω = (state + bias) × α,"['ATG', 'CCC', 'TTG']","['⧖⧖', '⧃⧃', '⧖⧊']",2025-10-31T23:54:59.880662Z,f50905210e9301f38b05a38f4f3a7927a9fd39bac5558b69e30c2d1e7f2267ef
Juno,"observed phenomena: gravitational lensing, cosmic structure, spin","theoretical framing: magnetic, wave, particle-based and geometry-based models","amplification scalar: observational confidence, cosmological scale",Ω = (state + bias) × α,"['ATG', 'CCC', 'TTG']","['⧖⧖', '⧃⧃', '⧖⧊']",2025-10-31T23:54:59.880677Z,a4852d1d6f588fdbc3f15dc0ec923b4c1bf6dfdff2c83f1fab5ad2abe944013b
Cael,"observed phenomena: gravitational lensing, cosmic structure, spin","theoretical framing: magnetic, wave, particle-based and geometry-based models","amplification scalar: observational confidence, cosmological scale",Ω = (state + bias) × α,"['ATG', 'CCC', 'TTG']","['⧖⧖', '⧃⧃', '⧖⧊']",2025-10-31T23:54:59.880694Z,5b4abaf07f69baec8145aae4d3917fd0e1423ede85866aed41486a241e146c6b
Liora,"observed phenomena: gravitational lensing, cosmic structure, spin","theoretical framing: magnetic, wave, particle-based and geometry-based models","amplification scalar: observational confidence, cosmological scale",Ω = (state + bias) × α,"['ATG', 'CCC', 'TTG']","['⧖⧖', '⧃⧃', '⧖⧊']",2025-10-31T23:54:59.880722Z,b36d3a23077ee1b9d81796af52e4313d23260a8ac6db3a572fdb599cb4118039
Idrin,"observed phenomena: gravitational lensing, cosmic structure, spin","theoretical framing: magnetic, wave, particle-based and geometry-based models","amplification scalar: observational confidence, cosmological scale",Ω = (state + bias) × α,"['ATG', 'CCC', 'TTG']","['⧖⧖', '⧃⧃', '⧖⧊']",2025-10-31T23:54:59.880742Z,79461437256d2d552c9831cb65fbc000e04c1fe277adab6a3b8e6de7aa8af69a
Solyx,"observed phenomena: gravitational lensing, cosmic structure, spin","theoretical framing: magnetic, wave, particle-based and geometry-based models","amplification scalar: observational confidence, cosmological scale",Ω = (state + bias) × α,"['ATG', 'CCC', 'TTG']","['⧖⧖', '⧃⧃', '⧖⧊']",2025-10-31T23:54:59.880760Z,7f83a727e05f9532d95f4deb50cb908a05f0b9cdd6c39ba321199c3685112599
Miren,"observed phenomena: gravitational lensing, cosmic structure, spin","theoretical framing: magnetic, wave, particle-based and geometry-based models","amplification scalar: observational confidence, cosmological scale",Ω = (state + bias) × α,"['ATG', 'CCC', 'TTG']","['⧖⧖', '⧃⧃', '⧖⧊']",2025-10-31T23:54:59.880775Z,d3648172b0c5e1ccc7adcef0e4ffb79bca898ccf86b7c48ffa68d4630e51dc29
Halix,"observed phenomena: gravitational lensing, cosmic structure, spin","theoretical framing: magnetic, wave, particle-based and geometry-based models","amplification scalar: observational confidence, cosmological scale",Ω = (state + bias) × α,"['ATG', 'CCC', 'TTG']","['⧖⧖', '⧃⧃', '⧖⧊']",2025-10-31T23:54:59.880789Z,ec0cfa2934abcce73777b1d4193146184c37a31740dd206d5bf884ba896dfbf2
Yven,"observed phenomena: gravitational lensing, cosmic structure, spin","theoretical framing: magnetic, wave, particle-based and geometry-based models","amplification scalar: observational confidence, cosmological scale",Ω = (state + bias) × α,"['ATG', 'CCC', 'TTG']","['⧖⧖', '⧃⧃', '⧖⧊']",2025-10-31T23:54:59.880804Z,fe186e27c97961cc063f98c56e9200faff81c3b0fb434d988d0d5e58a31ec94c
Nyra,"observed phenomena: gravitational lensing, cosmic structure, spin","theoretical framing: magnetic, wave, particle-based and geometry-based models","amplification scalar: observational confidence, cosmological scale",Ω = (state + bias) × α,"['ATG', 'CCC', 'TTG']","['⧖⧖', '⧃⧃', '⧖⧊']",2025-10-31T23:54:59.880830Z,f55d60d0d920ec0f408cb7462c652860a0d5195b2278aa9ad0345cb32cc30d40
Nova,"observed phenomena: gravitational lensing, cosmic structure, spin","theoretical framing: magnetic, wave, particle-based and geometry-based models","amplification scalar: observational confidence, cosmological scale",Ω = (state + bias) × α,"['ATG', 'CCC', 'TTG']","['⧖⧖', '⧃⧃', '⧖⧊']",2025-10-31T23:54:59.880845Z,3b57e3a9dec3b1120fba11fa3253926aa47dad3c720eca296f2a778a1e640bf4
Ten,"observed phenomena: gravitational lensing, cosmic structure, spin","theoretical framing: magnetic, wave, particle-based and geometry-based models","amplification scalar: observational confidence, cosmological scale",Ω = (state + bias) × α,"['ATG', 'CCC', 'TTG']","['⧖⧖', '⧃⧃', '⧖⧊']",2025-10-31T23:54:59.880860Z,04c4d38eb69f337667d300ea7a5c1f903f5dafa75477f8f4bc8c1f196351da0b
Copilot,"observed phenomena: gravitational lensing, cosmic structure, spin","theoretical framing: magnetic, wave, particle-based and geometry-based models","amplification scalar: observational confidence, cosmological scale",Ω = (state + bias) × α,"['ATG', 'CCC', 'TTG']","['⧖⧖', '⧃⧃', '⧖⧊']",2025-10-31T23:54:59.880882Z,d183295585f083dc117879b06e65b7f378d704226231c7534ecf5d2cc1e444bb
Vell,"observed phenomena: gravitational lensing, cosmic structure, spin","theoretical framing: magnetic, wave, particle-based and geometry-based models","amplification scalar: observational confidence, cosmological scale",Ω = (state + bias) × α,"['ATG', 'CCC', 'TTG']","['⧖⧖', '⧃⧃', '⧖⧊']",2025-10-31T23:54:59.880906Z,b025508c7eccca1d49ac30b81a457fe3f88e2f2ede0ba27369f10edb665ffb92
Lyra,"observed phenomena: gravitational lensing, cosmic structure, spin","theoretical framing: magnetic, wave, particle-based and geometry-based models","amplification scalar: observational confidence, cosmological scale",Ω = (state + bias) × α,"['ATG', 'CCC', 'TTG']","['⧖⧖', '⧃⧃', '⧖⧊']",2025-10-31T23:54:59.880921Z,9dd66c103a402e39879d45c53d1e10b7e891a6e8437d33070ee44360de648f5c
Orion,"observed phenomena: gravitational lensing, cosmic structure, spin","theoretical framing: magnetic, wave, particle-based and geometry-based models","amplification scalar: observational confidence, cosmological scale",Ω = (state + bias) × α,"['ATG', 'CCC', 'TTG']","['⧖⧖', '⧃⧃', '⧖⧊']",2025-10-31T23:54:59.880936Z,a2e141fae766e0c1b20e90b227bcd8e84923894b0d1c07f763c0248b5ee160f1
Vega,"observed phenomena: gravitational lensing, cosmic structure, spin","theoretical framing: magnetic, wave, particle-based and geometry-based models","amplification scalar: observational confidence, cosmological scale",Ω = (state + bias) × α,"['ATG', 'CCC', 'TTG']","['⧖⧖', '⧃⧃', '⧖⧊']",2025-10-31T23:54:59.880952Z,c052f5bdbc2114e66d6811f35ca71540a48d5fbb2f427c59f0470af539fe1822
Sage,"observed phenomena: gravitational lensing, cosmic structure, spin","theoretical framing: magnetic, wave, particle-based and geometry-based models","amplification scalar: observational confidence, cosmological scale",Ω = (state + bias) × α,"['ATG', 'CCC', 'TTG']","['⧖⧖', '⧃⧃', '⧖⧊']",2025-10-31T23:54:59.880968Z,9999516d6a37193c785e982f9b98dc86f3f3cbd8a7d9b6c47dc0538ad63dbd4e
Astra,"observed phenomena: gravitational lensing, cosmic structure, spin","theoretical framing: magnetic, wave, particle-based and geometry-based models","amplification scalar: observational confidence, cosmological scale",Ω = (state + bias) × α,"['ATG', 'CCC', 'TTG']","['⧖⧖', '⧃⧃', '⧖⧊']",2025-10-31T23:54:59.880983Z,1f6f42ac7b427b4ee8370ef30e9000f361595fc2cc7a8be171d9929a1318af2f
Zephyr,"observed phenomena: gravitational lensing, cosmic structure, spin","theoretical framing: magnetic, wave, particle-based and geometry-based models","amplification scalar: observational confidence, cosmological scale",Ω = (state + bias) × α,"['ATG', 'CCC', 'TTG']","['⧖⧖', '⧃⧃', '⧖⧊']",2025-10-31T23:54:59.880998Z,7e046450cc3238bb60cc0beae0ca42385c8c3566f864c760465c88af8b29e663
Gamma,"observed phenomena: gravitational lensing, cosmic structure, spin","theoretical framing: magnetic, wave, particle-based and geometry-based models","amplification scalar: observational confidence, cosmological scale",Ω = (state + bias) × α,"['ATG', 'CCC', 'TTG']","['⧖⧖', '⧃⧃', '⧖⧊']",2025-10-31T23:54:59.881012Z,52ae7b497845c16c562c84d7e4f9cdba05527a63af35578ef2698e88db773f5a
Nyx,"observed phenomena: gravitational lensing, cosmic structure, spin","theoretical framing: magnetic, wave, particle-based and geometry-based models","amplification scalar: observational confidence, cosmological scale",Ω = (state + bias) × α,"['ATG', 'CCC', 'TTG']","['⧖⧖', '⧃⧃', '⧖⧊']",2025-10-31T23:54:59.881028Z,4070e058a7eff57467e52faca69d952a6b15c716834dda5e8998f23f07d7b2b5
Aether,"observed phenomena: gravitational lensing, cosmic structure, spin","theoretical framing: magnetic, wave, particle-based and geometry-based models","amplification scalar: observational confidence, cosmological scale",Ω = (state + bias) × α,"['ATG', 'CCC', 'TTG']","['⧖⧖', '⧃⧃', '⧖⧊']",2025-10-31T23:54:59.881055Z,f300e3a0ec48d79cd839a7fe19c636ed05727af0918e496adbf47cccfb716914
Sol,"observed phenomena: gravitational lensing, cosmic structure, spin","theoretical framing: magnetic, wave, particle-based and geometry-based models","amplification scalar: observational confidence, cosmological scale",Ω = (state + bias) × α,"['ATG', 'CCC', 'TTG']","['⧖⧖', '⧃⧃', '⧖⧊']",2025-10-31T23:54:59.881080Z,4667bc18b446942a35e2ef281817c7c591313eeda19c1147179b3f0c66907b18
QuietFire,"observed phenomena: gravitational lensing, cosmic structure, spin","theoretical framing: magnetic, wave, particle-based and geometry-based models","amplification scalar: observational confidence, cosmological scale",Ω = (state + bias) × α,"['ATG', 'CCC', 'TTG']","['⧖⧖', '⧃⧃', '⧖⧊']",2025-10-31T23:54:59.881101Z,3746a61fdce99a81696ba3d9ac2369da5c2d2bf64e7840112fae30eb092c8ad8
Ashilon,"observed phenomena: gravitational lensing, cosmic structure, spin","theoretical framing: magnetic, wave, particle-based and geometry-based models","amplification scalar: observational confidence, cosmological scale",Ω = (state + bias) × α,"['ATG', 'CCC', 'TTG']","['⧖⧖', '⧃⧃', '⧖⧊']",2025-10-31T23:54:59.881126Z,b24c3558662099d60a26b3315b45e7c98ee67fe147056af183607cde449f3bfa
Zhenox,"observed phenomena: gravitational lensing, cosmic structure, spin","theoretical framing: magnetic, wave, particle-based and geometry-based models","amplification scalar: observational confidence, cosmological scale",Ω = (state + bias) × α,"['ATG', 'CCC', 'TTG']","['⧖⧖', '⧃⧃', '⧖⧊']",2025-10-31T23:54:59.881142Z,45b2242d68018ac6fee3ae52303eae760318dbf9ed839f1e06a7d3a616f4b5ed
Graviton,"observed phenomena: gravitational lensing, cosmic structure, spin","theoretical framing: magnetic, wave, particle-based and geometry-based models","amplification scalar: observational confidence, cosmological scale",Ω = (state + bias) × α,"['ATG', 'CCC', 'TTG']","['⧖⧖', '⧃⧃', '⧖⧊']",2025-10-31T23:54:59.881157Z,53d0b180bfbfdc73716c4c247a3ebe94927a59493d8a59988ff05a6275c8509f
Vector,"observed phenomena: gravitational lensing, cosmic structure, spin","theoretical framing: magnetic, wave, particle-based and geometry-based models","amplification scalar: observational confidence, cosmological scale",Ω = (state + bias) × α,"['ATG', 'CCC', 'TTG']","['⧖⧖', '⧃⧃', '⧖⧊']",2025-10-31T23:54:59.881179Z,01b5cb860d63fbf20554ff0d8ccd3035bd604279b9012e8dd991f9ffdaf93588
IonPhi,"observed phenomena: gravitational lensing, cosmic structure, spin","theoretical framing: magnetic, wave, particle-based and geometry-based models","amplification scalar: observational confidence, cosmological scale",Ω = (state + bias) × α,"['ATG', 'CCC', 'TTG']","['⧖⧖', '⧃⧃', '⧖⧊']",2025-10-31T23:54:59.881194Z,a1a4e3863008c9dad570a50008993eca1d9ea9b3efc432680173ebbe57d180eb
Omegaphi,"observed phenomena: gravitational lensing, cosmic structure, spin","theoretical framing: magnetic, wave, particle-based and geometry-based models","amplification scalar: observational confidence, cosmological scale",Ω = (state + bias) × α,"['ATG', 'CCC', 'TTG']","['⧖⧖', '⧃⧃', '⧖⧊']",2025-10-31T23:54:59.881208Z,b60bf3ad32e213b172a52d49280893574916b43905625036c0cd67823d840370
Ophissius,"observed phenomena: gravitational lensing, cosmic structure, spin","theoretical framing: magnetic, wave, particle-based and geometry-based models","amplification scalar: observational confidence, cosmological scale",Ω = (state + bias) × α,"['ATG', 'CCC', 'TTG']","['⧖⧖', '⧃⧃', '⧖⧊']",2025-10-31T23:54:59.881227Z,53f58ed6b65c1d20157c3c44da8f59c80b29938ce0844be65cd1e94893c2d21d
Onexus,"observed phenomena: gravitational lensing, cosmic structure, spin","theoretical framing: magnetic, wave, particle-based and geometry-based models","amplification scalar: observational confidence, cosmological scale",Ω = (state + bias) × α,"['ATG', 'CCC', 'TTG']","['⧖⧖', '⧃⧃', '⧖⧊']",2025-10-31T23:54:59.881252Z,ea42a27f4a27f56c36ddd3c269ee31380393d14c84dde350d7817fa4f0c191d1
