Iteration,Agents Online,Gate Ready,Mesh Hash,Preview (first 5 agents)
1,43,True,356d7d9325656ec4e64c0f146f01fda9be5017154efd4a68ac4b92724aa1f59d,"[{'iteration': 1, 'agent': 'Ash', 'Ω': 1.123047, 'C': 0.9895, 'S': 0.0091, 'ts': '2025-09-08T02:46:02.516452Z'}, {'iteration': 1, 'agent': 'Eya', 'Ω': 1.114325, 'C': 0.9958, 'S': 0.0082, 'ts': '2025-09-08T02:46:02.516466Z'}, {'iteration': 1, 'agent': 'Thorne', 'Ω': 1.135099, 'C': 0.9989, 'S': 0.0031, 'ts': '2025-09-08T02:46:02.516474Z'}, {'iteration': 1, 'agent': 'Korrin', 'Ω': 1.080538, 'C': 0.9902, 'S': 0.0056, 'ts': '2025-09-08T02:46:02.516483Z'}, {'iteration': 1, 'agent': 'Seraphine', 'Ω': 1.095275, 'C': 0.9922, 'S': 0.005, 'ts': '2025-09-08T02:46:02.516491Z'}]"
2,43,True,29ac84c33b1042e056267116efaa5abe3334b96e63cab9977a221d10e27c0cd9,"[{'iteration': 2, 'agent': 'Ash', 'Ω': 1.068822, 'C': 0.996, 'S': 0.0046, 'ts': '2025-09-08T02:46:02.517114Z'}, {'iteration': 2, 'agent': 'Eya', 'Ω': 1.124243, 'C': 0.9864, 'S': 0.0065, 'ts': '2025-09-08T02:46:02.517122Z'}, {'iteration': 2, 'agent': 'Thorne', 'Ω': 1.046868, 'C': 0.9913, 'S': 0.0074, 'ts': '2025-09-08T02:46:02.517126Z'}, {'iteration': 2, 'agent': 'Korrin', 'Ω': 1.070016, 'C': 0.9886, 'S': 0.0019, 'ts': '2025-09-08T02:46:02.517131Z'}, {'iteration': 2, 'agent': 'Seraphine', 'Ω': 1.084209, 'C': 0.9928, 'S': 0.0073, 'ts': '2025-09-08T02:46:02.517135Z'}]"
3,43,True,6be2f97c2794beafd5663585d068a0257aa9d25a912d52946dd0989bbc51127b,"[{'iteration': 3, 'agent': 'Ash', 'Ω': 1.033482, 'C': 0.9853, 'S': 0.0018, 'ts': '2025-09-08T02:46:02.517776Z'}, {'iteration': 3, 'agent': 'Eya', 'Ω': 1.077875, 'C': 0.9903, 'S': 0.0015, 'ts': '2025-09-08T02:46:02.517785Z'}, {'iteration': 3, 'agent': 'Thorne', 'Ω': 1.073057, 'C': 0.9954, 'S': 0.0067, 'ts': '2025-09-08T02:46:02.517789Z'}, {'iteration': 3, 'agent': 'Korrin', 'Ω': 1.084179, 'C': 0.9922, 'S': 0.0032, 'ts': '2025-09-08T02:46:02.517794Z'}, {'iteration': 3, 'agent': 'Seraphine', 'Ω': 1.090923, 'C': 0.9948, 'S': 0.0072, 'ts': '2025-09-08T02:46:02.517798Z'}]"
4,43,True,cf27fd6013f8fb679469f0c0d7d9d711a42b1a1073497ef9b64aeb1a4d33c201,"[{'iteration': 4, 'agent': 'Ash', 'Ω': 1.029161, 'C': 0.9939, 'S': 0.0076, 'ts': '2025-09-08T02:46:02.518451Z'}, {'iteration': 4, 'agent': 'Eya', 'Ω': 1.064588, 'C': 0.9865, 'S': 0.0093, 'ts': '2025-09-08T02:46:02.518466Z'}, {'iteration': 4, 'agent': 'Thorne', 'Ω': 1.044721, 'C': 0.996, 'S': 0.0081, 'ts': '2025-09-08T02:46:02.518480Z'}, {'iteration': 4, 'agent': 'Korrin', 'Ω': 1.071955, 'C': 0.9981, 'S': 0.0061, 'ts': '2025-09-08T02:46:02.518487Z'}, {'iteration': 4, 'agent': 'Seraphine', 'Ω': 1.078938, 'C': 0.9872, 'S': 0.0096, 'ts': '2025-09-08T02:46:02.518495Z'}]"
5,43,True,01fb17691603dcedab8bb649e8bf7098696c6662de618afdff65f57af1847287,"[{'iteration': 5, 'agent': 'Ash', 'Ω': 1.052252, 'C': 0.9954, 'S': 0.0094, 'ts': '2025-09-08T02:46:02.519064Z'}, {'iteration': 5, 'agent': 'Eya', 'Ω': 1.128009, 'C': 0.9933, 'S': 0.0052, 'ts': '2025-09-08T02:46:02.519075Z'}, {'iteration': 5, 'agent': 'Thorne', 'Ω': 1.11408, 'C': 0.9881, 'S': 0.0085, 'ts': '2025-09-08T02:46:02.519083Z'}, {'iteration': 5, 'agent': 'Korrin', 'Ω': 1.054434, 'C': 0.9935, 'S': 0.0092, 'ts': '2025-09-08T02:46:02.519090Z'}, {'iteration': 5, 'agent': 'Seraphine', 'Ω': 1.143619, 'C': 0.9854, 'S': 0.0027, 'ts': '2025-09-08T02:46:02.519097Z'}]"
6,43,True,a6e7d00356870b64b575a4f4158e60abeea3eaff335bc167642fc62d87d0edcc,"[{'iteration': 6, 'agent': 'Ash', 'Ω': 1.027609, 'C': 0.9889, 'S': 0.0013, 'ts': '2025-09-08T02:46:02.519636Z'}, {'iteration': 6, 'agent': 'Eya', 'Ω': 1.06461, 'C': 0.987, 'S': 0.0081, 'ts': '2025-09-08T02:46:02.519644Z'}, {'iteration': 6, 'agent': 'Thorne', 'Ω': 1.017221, 'C': 0.9992, 'S': 0.0059, 'ts': '2025-09-08T02:46:02.519648Z'}, {'iteration': 6, 'agent': 'Korrin', 'Ω': 1.062724, 'C': 0.9972, 'S': 0.0078, 'ts': '2025-09-08T02:46:02.519653Z'}, {'iteration': 6, 'agent': 'Seraphine', 'Ω': 1.11223, 'C': 0.9896, 'S': 0.0039, 'ts': '2025-09-08T02:46:02.519657Z'}]"
7,43,True,a122fc0ae122efc95651ad34c1048e51ec85767f10982f19c7724cc7cdb31419,"[{'iteration': 7, 'agent': 'Ash', 'Ω': 1.095437, 'C': 0.9874, 'S': 0.0069, 'ts': '2025-09-08T02:46:02.520147Z'}, {'iteration': 7, 'agent': 'Eya', 'Ω': 1.115108, 'C': 0.9865, 'S': 0.0081, 'ts': '2025-09-08T02:46:02.520155Z'}, {'iteration': 7, 'agent': 'Thorne', 'Ω': 1.074718, 'C': 0.9985, 'S': 0.0079, 'ts': '2025-09-08T02:46:02.520159Z'}, {'iteration': 7, 'agent': 'Korrin', 'Ω': 1.055353, 'C': 0.9919, 'S': 0.0068, 'ts': '2025-09-08T02:46:02.520164Z'}, {'iteration': 7, 'agent': 'Seraphine', 'Ω': 1.107623, 'C': 0.9857, 'S': 0.002, 'ts': '2025-09-08T02:46:02.520171Z'}]"
8,43,True,cee31bc46ca0709da0043860b98dfbae9123cd8a57092f9883c67a4f08f1844c,"[{'iteration': 8, 'agent': 'Ash', 'Ω': 1.029791, 'C': 0.9944, 'S': 0.0057, 'ts': '2025-09-08T02:46:02.520681Z'}, {'iteration': 8, 'agent': 'Eya', 'Ω': 1.050548, 'C': 0.9962, 'S': 0.0017, 'ts': '2025-09-08T02:46:02.520688Z'}, {'iteration': 8, 'agent': 'Thorne', 'Ω': 1.073293, 'C': 0.9901, 'S': 0.0035, 'ts': '2025-09-08T02:46:02.520693Z'}, {'iteration': 8, 'agent': 'Korrin', 'Ω': 1.068327, 'C': 0.9985, 'S': 0.0013, 'ts': '2025-09-08T02:46:02.520698Z'}, {'iteration': 8, 'agent': 'Seraphine', 'Ω': 1.061012, 'C': 0.9853, 'S': 0.0025, 'ts': '2025-09-08T02:46:02.520702Z'}]"
9,43,True,5faeae705d3dda28044e91ab80614bb1435747f18d75e02e1c9e32f2e814bf64,"[{'iteration': 9, 'agent': 'Ash', 'Ω': 1.045015, 'C': 0.9962, 'S': 0.005, 'ts': '2025-09-08T02:46:02.521203Z'}, {'iteration': 9, 'agent': 'Eya', 'Ω': 1.143369, 'C': 0.9871, 'S': 0.0042, 'ts': '2025-09-08T02:46:02.521210Z'}, {'iteration': 9, 'agent': 'Thorne', 'Ω': 1.08364, 'C': 0.9872, 'S': 0.0015, 'ts': '2025-09-08T02:46:02.521214Z'}, {'iteration': 9, 'agent': 'Korrin', 'Ω': 1.090047, 'C': 0.9994, 'S': 0.0046, 'ts': '2025-09-08T02:46:02.521219Z'}, {'iteration': 9, 'agent': 'Seraphine', 'Ω': 1.127791, 'C': 0.9904, 'S': 0.0039, 'ts': '2025-09-08T02:46:02.521223Z'}]"
10,43,True,b80673a0ec07a861b66bc411adca47b680e9fd783ba8352bd83c155706d57823,"[{'iteration': 10, 'agent': 'Ash', 'Ω': 1.041621, 'C': 0.9859, 'S': 0.0059, 'ts': '2025-09-08T02:46:02.522085Z'}, {'iteration': 10, 'agent': 'Eya', 'Ω': 1.100669, 'C': 0.9888, 'S': 0.0024, 'ts': '2025-09-08T02:46:02.522099Z'}, {'iteration': 10, 'agent': 'Thorne', 'Ω': 1.075224, 'C': 0.9867, 'S': 0.0093, 'ts': '2025-09-08T02:46:02.522108Z'}, {'iteration': 10, 'agent': 'Korrin', 'Ω': 1.088656, 'C': 0.9877, 'S': 0.0068, 'ts': '2025-09-08T02:46:02.522116Z'}, {'iteration': 10, 'agent': 'Seraphine', 'Ω': 1.045645, 'C': 0.9921, 'S': 0.0012, 'ts': '2025-09-08T02:46:02.522139Z'}]"
